id,Name,titleProject_id,class,score,login,password
0,Сербин Геннадий Михаилович,7,8в,2,Сербин_ГМ,mI2jgbS0
1,Папандина Клавдия Яковлевна,304,9в,5,Папандина_КЯ,qE0VpMik
2,Белагина Галина Андреевна,396,9а,4,Белагина_ГА,hS0THqHl
3,Кижняева Анна Леонидовна,178,7и,2,Кижняева_АЛ,yH62BcJH
4,Цывин Олег Яковлевич,446,7т,2,Цывин_ОЯ,pC7OCEK6
5,Жидняева Ксения Эдуардовна,373,7х,4,Жидняева_КЭ,yI99BRrX
6,Липковский Анатолий Иванович,144,10а,2,Липковский_АИ,jQ82h835
7,Меднова Наталья Богдановна,290,7и,5,Меднова_НБ,yN8hPlFd
8,Житихин Вячеслав Романович,141,9а,5,Житихин_ВР,kV0bG5Tp
9,Шеврина Полина Максимовна,33,11а,5,Шеврина_ПМ,mC1nemFd
10,Алпеев Валентин Данилович,323,8а,2,Алпеев_ВД,zV0CLiey
11,Золикова Клара Игоревна,364,10х,2,Золикова_КИ,kU14gKnY
12,Дориков Дмитрий Петрович,296,10г,5,Дориков_ДП,gF7CPYTI
13,Корабышев Кирилл Михаилович,302,8и,5,Корабышев_КМ,zW1YmWTk
14,Ростовиков Константин Николаевич,336,10а,2,Ростовиков_КН,mK9YCrcd
15,Нехаев Дмитрий Фёдорович,129,7х,4,Нехаев_ДФ,eC5po2Ua
16,Зызлова Мария Николаевна,430,8г,3,Зызлова_МН,jA5JThFS
17,Королупов Валерий Тимофеевич,397,10д,5,Королупов_ВТ,dW3J3fvs
18,Стенцов Евгений Яковлевич,315,8и,4,Стенцов_ЕЯ,eJ02f2Jr
19,Феклисов Константин Виталиевич,270,9т,None,Феклисов_КВ,hO5FS6cJ
20,Синелев Руслан Тимофеевич,300,8и,2,Синелев_РТ,wV2p4QyQ
21,Опевалова Вера Евгеньевна,473,9д,5,Опевалова_ВЕ,eJ3JVeAF
22,Назерова Вероника Василевна,206,7б,5,Назерова_ВВ,hU7Pz7F7
23,Дименская Светлана Дмитриевна,387,9д,5,Дименская_СД,jV8f36AH
24,Ковторева Раиса Василевна,482,9и,2,Ковторева_РВ,xL4Y2oN3
25,Кулишнин Вячеслав Яковлевич,386,11х,5,Кулишнин_ВЯ,xE21jTIR
26,Лексин Кирилл Антонович,139,7в,5,Лексин_КА,eX8k6XVS
27,Лаковский Григорий Василиевич,240,7д,5,Лаковский_ГВ,aY4qCgE5
28,Барамыкова Александра Алексеевна,106,10а,3,Барамыкова_АА,fL7daSH8
29,Плясулина Оксана Андреевна,346,8х,2,Плясулина_ОА,eB2yxyio
30,Петрикеев Станислав Яковлевич,14,7и,4,Петрикеев_СЯ,pK6YfAw4
31,Моторыгин Илья Георгиевич,238,10и,5,Моторыгин_ИГ,xX2oj1VA
32,Рыков Тарас Павлович,174,10и,5,Рыков_ТП,vS5JICx5
33,Иончикова Елизавета Егоровна,169,8д,5,Иончикова_ЕЕ,rU9XzNp3
34,Смолькина Алиса Егоровна,441,7г,5,Смолькина_АЕ,eW6RetTe
35,Оболенин Герасим Павлович,472,7и,4,Оболенин_ГП,nO5aTZVy
36,Трощинский Георгий Борисович,67,9д,3,Трощинский_ГБ,iM8cKPOS
37,Поддубская Лиза Игоревна,496,10а,4,Поддубская_ЛИ,fR8xBhdg
38,Телькова Валерия Олеговна,335,7х,4,Телькова_ВО,xM29DIt1
39,Чигварина Александра Алексеевна,428,10б,2,Чигварина_АА,bJ4cUJhG
40,Киреевский Артур Игоревич,119,7в,3,Киреевский_АИ,cU5cd8lP
41,Шумейкин Роман Павлович,420,8в,5,Шумейкин_РП,gM5YJ3F9
42,Трушинов Максим Алексиевич,82,8и,4,Трушинов_МА,xW8iskiH
43,Голюков Денис Сергеевич,62,11б,4,Голюков_ДС,fX2T3wvS
44,Хлиманкова Надежда Валерьевна,461,10б,3,Хлиманкова_НВ,eB7Hf4KP
45,Кулаженков Алексей Олегович,367,10в,2,Кулаженков_АО,fU4gjV0V
46,Бутукин Владимир Адамович,221,7х,5,Бутукин_ВА,aP5gZzvw
47,Поддуев Леонид Олегович,149,9х,4,Поддуев_ЛО,eN8ERk3W
48,Ревцев Василий Павлович,360,9х,5,Ревцев_ВП,kV3hY9N3
49,Старокожев Артём Юрьевич,46,8д,3,Старокожев_АЮ,gA4Zy7aR
50,Светошев Максим Михаилович,321,10х,2,Светошев_ММ,mB4nak2F
51,Старынина Кристина Федоровна,266,9д,3,Старынина_КФ,yM2GafUa
52,Востров Дмитрий Денисович,282,9г,3,Востров_ДД,tV6Ffs9H
53,Бураханова Анастасия Леонидовна,16,8г,2,Бураханова_АЛ,pM3YPxz8
54,Понизов Виктор Кириллович,214,11и,5,Понизов_ВК,zS77ap5U
55,Суздалев Валерий Алексеевич,66,11т,5,Суздалев_ВА,tH2fWlZa
56,Колендин Дмитрий Алексеевич,153,10в,4,Колендин_ДА,cU9sNX5t
57,Сулькова Екатерина Андреевна,325,8и,4,Сулькова_ЕА,jJ06GUsf
58,Аржевитова Надежда Федоровна,242,10в,2,Аржевитова_НФ,vM4shhSK
59,Крассов Валерий Олегович,201,8х,5,Крассов_ВО,iQ1JkoEi
60,Сонураева Инна Андреевна,450,9т,3,Сонураева_ИА,tI6tQ0XU
61,Пашин Роман Вадимович,204,10д,2,Пашин_РВ,kB03SCav
62,Фичкина Евгения Федоровна,29,11д,3,Фичкина_ЕФ,qO38WBnc
63,Свилин Олег Виталиевич,123,8в,2,Свилин_ОВ,qD84sXsV
64,Рогоцкий Андрей Адамович,142,9в,2,Рогоцкий_АА,nY8gFa5B
65,Ахантьев Игорь Валериевич,80,10д,5,Ахантьев_ИВ,kI07pTmh
66,Сочиникова Ксения Кирилловна,100,10д,2,Сочиникова_КК,gF923qlj
67,Остюков Артур Романович,329,11и,3,Остюков_АР,oQ6lCT9x
68,Брюкина Оксана Викторовна,98,8в,5,Брюкина_ОВ,jE41szln
69,Кузовенков Игорь Юрьевич,322,9г,None,Кузовенков_ИЮ,aE5s44d8
70,Калухов Тарас Иванович,207,11а,3,Калухов_ТИ,rC3o0Ha1
71,Батыров Пётр Виталиевич,227,7и,3,Батыров_ПВ,tV8lBrxK
72,Озрина Катерина Валерьевна,147,10а,4,Озрина_КВ,gB28jIz2
73,Декалова Полина Леонидовна,470,11д,5,Декалова_ПЛ,rJ3kxsB2
74,Лосицкий Владимир Кириллович,369,9т,5,Лосицкий_ВК,cS3LDId6
75,Магнусов Пётр Максимович,437,7и,5,Магнусов_ПМ,pP5dVlgc
76,Лавренков Михаил Василиевич,188,9б,2,Лавренков_МВ,fH84FckX
77,Шушкалова Вероника Алексеевна,411,8т,5,Шушкалова_ВА,aH1H6wfo
78,Бороданова Маргарита Дмитриевна,118,7г,5,Бороданова_МД,pS6i01Jk
79,Циркина Виолетта Федоровна,231,9г,2,Циркина_ВФ,sB4Bdnyi
80,Болохина Екатерина Андреевна,194,11д,3,Болохина_ЕА,wR1vKv2a
81,Чукалова Дарья Валерьевна,20,10г,4,Чукалова_ДВ,tY4Q5mRd
82,Беловолов Степан Петрович,222,9д,2,Беловолов_СП,pK5DS5AX
83,Зудейкина Вероника Ивановна,166,8и,3,Зудейкина_ВИ,gQ1On2DO
84,Макунова Мария Борисовна,47,9в,5,Макунова_МБ,xX5CQ1Yt
85,Верзанский Геннадий Андреевич,497,7д,5,Верзанский_ГА,vR0jXgaF
86,Алтубин Ярослав Леонидович,414,10г,5,Алтубин_ЯЛ,qM8X5tKr
87,Аузин Игорь Алексиевич,435,8х,5,Аузин_ИА,eN8j3Ghp
88,Калыгин Степан Тимофеевич,353,8и,2,Калыгин_СТ,dX6joe3L
89,Дурныгина Полина Игоревна,72,8и,2,Дурныгина_ПИ,aI3CXqbz
90,Антюфеева Александра Вадимовна,347,8и,2,Антюфеева_АВ,cG8EcOFJ
91,Лощинский Борис Романович,210,10б,3,Лощинский_БР,nF5b2VRC
92,Ходорков Евгений Виталиевич,344,9г,5,Ходорков_ЕВ,jJ3gTWsY
93,Кафорин Федор Данилович,427,10д,3,Кафорин_ФД,oX2DFhHR
94,Косынская Алиса Дмитриевна,40,9в,3,Косынская_АД,zO3UJL25
95,Беремцев Артём Антонович,434,11т,2,Беремцев_АА,cW28C8yn
96,Влянская Мария Андреевна,490,7т,4,Влянская_МА,aE7iGznt
97,Мыгеева Лиза Василевна,280,8в,5,Мыгеева_ЛВ,mB9Mxifm
98,Акутникова Мария Алексеевна,173,11в,2,Акутникова_МА,oS6WYWTc
99,Карябкин Константин Максимович,89,7и,2,Карябкин_КМ,sT5T76nS
100,Прилепина Яна Максимовна,30,10в,5,Прилепина_ЯМ,aD6eBCzt
101,Ведищев Никита Георгиевич,365,7и,5,Ведищев_НГ,hZ293FQg
102,Самчева Вероника Борисовна,287,10г,3,Самчева_ВБ,oT5rZDxP
103,Пирцхалова Карина Леонидовна,452,10г,5,Пирцхалова_КЛ,lQ3SPr6h
104,Павлочев Денис Борисович,432,11д,5,Павлочев_ДБ,yS0zBOUC
105,Арашкова Екатерина Евгеньевна,356,8х,None,Арашкова_ЕЕ,jV6FCeqQ
106,Байсарова Людмила Василевна,215,11и,2,Байсарова_ЛВ,qB6nJ8mj
107,Кудекина Зинаида Игоревна,250,10и,3,Кудекина_ЗИ,sN9XJlTN
108,Дерналов Виталий Викторович,1,9г,4,Дерналов_ВВ,vH363Tf1
109,Сазинова Галина Романовна,61,9и,3,Сазинова_ГР,mS92goCF
110,Остаченова Марина Эдуардовна,229,9т,5,Остаченова_МЭ,hC2cN1wJ
111,Битюкова Яна Егоровна,488,9и,4,Битюкова_ЯЕ,gE9OHElv
112,Иваницкий Константин Борисович,232,8д,5,Иваницкий_КБ,fU7xyvV6
113,Белянский Владислав Игоревич,74,11б,5,Белянский_ВИ,jC3y9UAZ
114,Баранкин Артём Алексеевич,382,9т,2,Баранкин_АА,cZ2YJfIZ
115,Шкабанова Софья Вадимовна,499,9х,4,Шкабанова_СВ,qK15J4Pw
116,Полозлов Денис Адамович,155,8т,3,Полозлов_ДА,wN0HcuHD
117,Жунина Светлана Михайловна,162,8в,3,Жунина_СМ,wX2vTdpW
118,Пантыкин Борис Игоревич,245,9х,2,Пантыкин_БИ,xE2XDD3Y
119,Доутова Марина Богдановна,189,11х,2,Доутова_МБ,nD6Bv9YC
120,Трещалова Яна Андреевна,330,8б,3,Трещалова_ЯА,vC9S0e3l
121,Ивашечкин Александр Данилович,390,10т,4,Ивашечкин_АД,mQ36cdQY
122,Мазьянова Инна Богдановна,416,11в,4,Мазьянова_ИБ,hL2StT5E
123,Корогев Николай Евгеньевич,184,8б,5,Корогев_НЕ,eS6khviA
124,Заидова Галина Максимовна,88,9т,4,Заидова_ГМ,tC2Wnagd
125,Рамхин Кирилл Алексиевич,459,9х,4,Рамхин_КА,cX2Yq4uB
126,Кизбабаев Эдуард Фёдорович,415,11т,2,Кизбабаев_ЭФ,cO5q8F8L
127,Соурчаков Ярослав Валериевич,268,8б,2,Соурчаков_ЯВ,gL02qsue
128,Мотяшева Алена Михайловна,404,7т,2,Мотяшева_АМ,dD9HCT5U
129,Горшкова Наталия Яковлевна,340,11а,2,Горшкова_НЯ,tL03SdA9
130,Зябрицкий Игорь Виталиевич,332,7а,5,Зябрицкий_ИВ,jZ3bIwGj
131,Шельдяев Игорь Юриевич,97,7д,5,Шельдяев_ИЮ,vX3Ydu8h
132,Шмелькин Максим Викторович,483,9т,5,Шмелькин_МВ,dM84W7kZ
133,Жалкин Алексей Алексеевич,43,7а,3,Жалкин_АА,eF5jU3c4
134,Худасов Денис Максимович,70,10д,2,Худасов_ДМ,aP7RmrEL
135,Швичкова Наталья Эдуардовна,398,7г,4,Швичкова_НЭ,tY1clpFd
136,Едская Жанна Валерьевна,436,11в,4,Едская_ЖВ,xZ1sjIGM
137,Поморзина Полина Евгеньевна,122,7д,4,Поморзина_ПЕ,pD24QZDc
138,Будачева Кира Олеговна,55,11х,4,Будачева_КО,uE2WTVGd
139,Молкаев Василий Валериевич,216,8д,2,Молкаев_ВВ,kX17Y1Ie
140,Яцынин Константин Тимофеевич,285,7г,2,Яцынин_КТ,nY0keTRu
141,Маховиков Василий Петрович,391,7х,4,Маховиков_ВП,pT2djcme
142,Шаметова Евгения Вадимовна,463,7а,2,Шаметова_ЕВ,aY3BJM4U
143,Законнова Жанна Евгеньевна,442,11и,None,Законнова_ЖЕ,qG6eGexK
144,Перчихин Аркадий Тимофеевич,164,10т,3,Перчихин_АТ,cC4bNv6u
145,Бурдасова Ксения Игоревна,203,9а,3,Бурдасова_КИ,vS9GSxL7
146,Киссин Степан Иванович,251,7х,5,Киссин_СИ,uR2KGR2D
147,Вапилина Мария Егоровна,77,7д,2,Вапилина_МЕ,lH37FwnU
148,Сигутина Дарья Федоровна,458,7б,2,Сигутина_ДФ,eK6njsAS
149,Сошьяков Альберт Фёдорович,17,7т,4,Сошьяков_АФ,hN2c72b5
150,Лугахина Клара Вадимовна,419,8в,4,Лугахина_КВ,oV06pcMB
151,Логецкий Анатолий Виталиевич,372,11б,4,Логецкий_АВ,nV0nEYrA
152,Ковайкова Юлия Егоровна,75,10г,2,Ковайкова_ЮЕ,uN5bbBfO
153,Вермутский Валерий Петрович,447,9и,5,Вермутский_ВП,yN4ImsmD
154,Россомахов Олег Юриевич,56,8в,2,Россомахов_ОЮ,aQ9Qcl8U
155,Циплакова Екатерина Егоровна,471,9б,5,Циплакова_ЕЕ,oG9vN1Zm
156,Квятцева Алла Никитична,138,11в,2,Квятцева_АН,nQ8Si3aC
157,Выхухолева Лариса Василевна,384,8б,5,Выхухолева_ЛВ,yR92i8vo
158,Целохов Андрей Вадимович,433,8и,5,Целохов_АВ,fM6HaU2q
159,Бендин Иван Яковлевич,71,8и,4,Бендин_ИЯ,oP0r7zGo
160,Лазученков Василий Алексеевич,381,7х,2,Лазученков_ВА,gI9ArAAj
161,Скоропухов Михаил Василиевич,69,10и,3,Скоропухов_МВ,rZ9tITW0
162,Мухонкин Тарас Романович,126,9и,4,Мухонкин_ТР,tJ0qUgar
163,Камерцев Владимир Кириллович,303,7а,3,Камерцев_ВК,oH1utIeM
164,Сандрыкина Анна Олеговна,324,10т,2,Сандрыкина_АО,hQ24hkTg
165,Недбайлов Алексей Денисович,15,7т,2,Недбайлов_АД,yV3z3NaI
166,Серпков Ярослав Георгиевич,380,10б,4,Серпков_ЯГ,tU1kFysC
167,Хатшуклов Аркадий Николаевич,42,11т,4,Хатшуклов_АН,kA9P0QHO
168,Литвалиева Алиса Егоровна,10,11и,3,Литвалиева_АЕ,lK98t0Lo
169,Енесина Лиза Валерьевна,293,9б,5,Енесина_ЛВ,zM3P5oFx
170,Пикальков Эдуард Алексиевич,21,8д,5,Пикальков_ЭА,aE9H5ahK
171,Сачинский Валентин Кириллович,125,10т,2,Сачинский_ВК,eP3g4wKK
172,Тарзанова Евгения Аркадьевна,96,9д,2,Тарзанова_ЕА,nA88HF1o
173,Лапундин Юрий Игоревич,267,8и,5,Лапундин_ЮИ,yH2JPsdP
174,Личева Лиза Михайловна,453,9б,3,Личева_ЛМ,gT9DeKLY
175,Смароверов Яков Борисович,131,11в,4,Смароверов_ЯБ,oW2KTA2l
176,Вереина Алла Василевна,295,10и,3,Вереина_АВ,zN2yoD6u
177,Погиблева Дарья Леонидовна,283,9в,5,Погиблева_ДЛ,vV3x9Un1
178,Байнова Анастасия Вадимовна,363,7б,3,Байнова_АВ,uY89ihFN
179,Шиловский Вячеслав Максимович,438,9и,4,Шиловский_ВМ,yZ5KMbf7
180,Сыждиков Пётр Василиевич,494,11х,5,Сыждиков_ПВ,qY9cHQIG
181,Каценова Алёна Эдуардовна,165,11т,2,Каценова_АЭ,gS3lSoC3
182,Мужицких Ева Олеговна,348,8х,3,Мужицких_ЕО,xB4m2LuJ
183,Плеснецов Степан Юрьевич,22,10а,2,Плеснецов_СЮ,wR7eJqpU
184,Игумнова Алёна Сергеевна,114,9д,4,Игумнова_АС,vE4QpZ4F
185,Хадаров Владимир Валериевич,278,11т,5,Хадаров_ВВ,gO2ttOzG
186,Ступакова Кира Ивановна,421,8и,3,Ступакова_КИ,uU29fsCJ
187,Шоленинов Федор Максимович,286,11т,4,Шоленинов_ФМ,lD1BCiBc
188,Гундаров Руслан Николаевич,158,9д,4,Гундаров_РН,sI5vCNMw
189,Гречишева Марина Андреевна,464,7д,2,Гречишева_МА,dE5jARl7
190,Утилова Алена Андреевна,253,11д,3,Утилова_АА,gN03t5Ql
191,Роткичева Алиса Максимовна,410,10а,4,Роткичева_АМ,xK2Ra0F1
192,Колтышева Марина Вадимовна,87,11г,4,Колтышева_МВ,tX9gDD5K
193,Гурычева Лариса Валерьевна,489,9б,2,Гурычева_ЛВ,bM2otvw0
194,Горцева Кристина Никитична,246,8и,4,Горцева_КН,tD36LTZq
195,Кутурин Геннадий Денисович,197,9в,2,Кутурин_ГД,sX5N0kPj
196,Стефанков Яков Евгеньевич,318,10г,3,Стефанков_ЯЕ,bY8DB9zv
197,Множина Людмила Василевна,90,8б,2,Множина_ЛВ,sF5Bknzp
198,Семисалов Георгий Иванович,316,9в,3,Семисалов_ГИ,mR5DeRxQ
199,Рогалов Альберт Валериевич,327,9б,2,Рогалов_АВ,bP5FCwG7
200,Черетаева Анастасия Олеговна,341,9б,2,Черетаева_АО,yL0kzfWG
201,Радоминова Любовь Игоревна,25,9и,5,Радоминова_ЛИ,qZ4i9VPF
202,Шувырина Лиза Андреевна,395,9а,5,Шувырина_ЛА,uD2Qw49s
203,Калиженков Семён Алексеевич,401,11а,4,Калиженков_СА,bL0FeEh3
204,Старокашин Константин Петрович,309,10а,3,Старокашин_КП,wS8LXyIQ
205,Малтоцов Аркадий Яковлевич,218,8а,3,Малтоцов_АЯ,hM1cvcZr
206,Кузеванова Ева Егоровна,116,7д,2,Кузеванова_ЕЕ,tW5M6SzC
207,Нурулина Алёна Егоровна,284,9х,2,Нурулина_АЕ,oQ7iiw8U
208,Лератов Герасим Сергеевич,374,10а,4,Лератов_ГС,iQ0ZgzWH
209,Людин Руслан Аркадиевич,498,7и,3,Людин_РА,jH1exfgt
210,Пурин Виктор Данилович,154,8и,5,Пурин_ВД,bG4OyZ07
211,Лютов Виктор Юрьевич,288,11г,2,Лютов_ВЮ,cJ5142vp
212,Марюшкина Яна Федоровна,345,10д,5,Марюшкина_ЯФ,nA843AXS
213,Томилова Кристина Михайловна,492,11б,3,Томилова_КМ,lO8WYjCa
214,Дистерев Валерий Валериевич,24,7г,3,Дистерев_ВВ,lB1vuodQ
215,Дочкин Геннадий Алексиевич,52,11и,5,Дочкин_ГА,iF9LqemB
216,Иняхин Руслан Сергеевич,234,7и,5,Иняхин_РС,zT8PgqhN
217,Знайкова Раиса Егоровна,148,11х,3,Знайкова_РЕ,tJ8ZmLMn
218,Кашавцев Аркадий Леонидович,58,7а,4,Кашавцев_АЛ,sI42Bo9e
219,Пятернина Кристина Андреевна,445,7и,2,Пятернина_КА,aI72aLbn
220,Гусеева Карина Викторовна,263,9и,2,Гусеева_КВ,yA0NLbiw
221,Кастева Яна Сергеевна,108,7и,2,Кастева_ЯС,kH81qMhF
222,Гришанин Тарас Павлович,113,10т,2,Гришанин_ТП,hZ9zZCjk
223,Грамоткин Илья Викторович,195,8д,5,Грамоткин_ИВ,lW0kKrVR
224,Мелисин Геннадий Василиевич,465,10г,2,Мелисин_ГВ,pQ0DHyVy
225,Цинина Светлана Яковлевна,105,11г,5,Цинина_СЯ,pN8bs0oL
226,Петов Георгий Адамович,57,9а,2,Петов_ГА,aI3cDPxA
227,Реева Валентина Максимовна,146,11и,5,Реева_ВМ,kG0idOY8
228,Слесивых Мария Аркадьевна,35,7и,5,Слесивых_МА,cQ5yjVmd
229,Афтаева Полина Ивановна,193,10д,5,Афтаева_ПИ,hP0ygEwn
230,Кривицкий Валентин Виталиевич,208,8х,5,Кривицкий_ВВ,oB46xwLD
231,Чубатов Константин Леонидович,279,11а,4,Чубатов_КЛ,eK0290jz
232,Партенков Геннадий Павлович,418,8х,3,Партенков_ГП,pX8i9och
233,Черушев Григорий Борисович,84,7г,4,Черушев_ГБ,rX8OWOxN
234,Тютекин Георгий Тимофеевич,262,7а,2,Тютекин_ГТ,eK6r64ku
235,Янкевский Вячеслав Адамович,167,11г,4,Янкевский_ВА,kQ2Hd0qg
236,Сухручкина Клавдия Аркадьевна,177,7в,4,Сухручкина_КА,nD5Ih2Kt
237,Конофалова Клара Петровна,95,11д,5,Конофалова_КП,yR1GEHOr
238,Лигасов Михаил Павлович,491,11г,4,Лигасов_МП,dO5hToOR
239,Писарьков Альберт Игоревич,313,8в,4,Писарьков_АИ,oE6z70P1
240,Варов Кирилл Иванович,28,8а,5,Варов_КИ,pE6YwK3N
241,Пурынов Евгений Петрович,244,9и,3,Пурынов_ЕП,sJ1PwR1C
242,Супрутская Вероника Викторовна,187,9а,2,Супрутская_ВВ,bP6XUttP
243,Скроцкая Алина Федоровна,127,8г,3,Скроцкая_АФ,sT7xAkPE
244,Барадулин Вадим Юрьевич,281,11х,3,Барадулин_ВЮ,fO2YIopB
245,Точилин Дмитрий Фёдорович,476,8а,2,Точилин_ДФ,pD9GCc9N
246,Бикмуллин Руслан Валериевич,333,11т,2,Бикмуллин_РВ,eA71d1FK
247,Серпичев Василий Алексиевич,394,10х,5,Серпичев_ВА,mZ7Qy1xP
248,Вострышев Яков Аркадиевич,343,8г,5,Вострышев_ЯА,bS61gMSV
249,Грушчева София Евгеньевна,480,11в,None,Грушчева_СЕ,eD9am6M3
250,Кулапов Александр Юрьевич,109,9б,5,Кулапов_АЮ,vN6O4t3A
251,Чибисенков Владислав Фёдорович,375,8х,3,Чибисенков_ВФ,mK0dbyVt
252,Утилов Роман Василиевич,254,9х,2,Утилов_РВ,tD6EPMNO
253,Татаурова Галина Федоровна,145,10т,4,Татаурова_ГФ,oX5zxDE1
254,Визавитина Наталия Леонидовна,101,10г,2,Визавитина_НЛ,jS3me13q
255,Мягченков Артём Денисович,115,7б,4,Мягченков_АД,uD3evYjM
256,Брикова Инна Богдановна,256,9б,4,Брикова_ИБ,cT9MnzSd
257,Наторкин Валентин Данилович,319,7и,2,Наторкин_ВД,hN5vwAlp
258,Эштрекова Софья Алексеевна,76,9в,3,Эштрекова_СА,pP3CAX5n
259,Кутаманова Кира Андреевна,182,10т,2,Кутаманова_КА,gH7fbG5o
260,Кыштымова Евгения Эдуардовна,255,8в,5,Кыштымова_ЕЭ,wK5fA0N2
261,Ккнязева Клавдия Дмитриевна,34,7б,5,Ккнязева_КД,fH2lUhBN
262,Глаголина Алиса Никитична,249,9д,2,Глаголина_АН,oM22HTtI
263,Рисина Раиса Валерьевна,451,10а,4,Рисина_РВ,yT8p5acB
264,Ребров Алексей Георгиевич,289,8и,3,Ребров_АГ,aG0OgWZ8
265,Вырысалова Александра Евгеньевна,39,11и,2,Вырысалова_АЕ,eF9O52Dx
266,Гомольский Владимир Юриевич,314,11х,5,Гомольский_ВЮ,hI3ksJdb
267,Швинова Марина Федоровна,271,8г,5,Швинова_МФ,kS4FOjO0
268,Рудковская Инна Дмитриевна,6,7т,3,Рудковская_ИД,oT4KeoqU
269,Решеткина Дарья Василевна,408,10и,3,Решеткина_ДВ,nI0EMFVa
270,Евстихеев Игорь Василиевич,422,10х,5,Евстихеев_ИВ,zF3GWvwX
271,Лазарина Алёна Федоровна,161,8б,3,Лазарина_АФ,uO8j1EoG
272,Гляченков Григорий Николаевич,431,10а,5,Гляченков_ГН,aO96iKIg
273,Чардынцева Алина Вадимовна,135,10д,3,Чардынцева_АВ,jR8rp0x2
274,Скаредов Яков Иванович,337,9т,5,Скаредов_ЯИ,xM7d7ZG2
275,Юрицкий Эдуард Денисович,192,7д,3,Юрицкий_ЭД,fP63xb6s
276,Кравчина Светлана Аркадьевна,413,11г,5,Кравчина_СА,jA4yHemi
277,Чмареткова Полина Вадимовна,449,10а,2,Чмареткова_ПВ,vA4AgGpj
278,Углова Галина Романовна,260,9г,3,Углова_ГР,fE0kzjxq
279,Згуровская Виктория Андреевна,220,9т,4,Згуровская_ВА,mS1YxDNb
280,Секерский Станислав Сергеевич,235,10а,4,Секерский_СС,sR6v0B1v
281,Жевайкин Евгений Адамович,86,11г,3,Жевайкин_ЕА,fQ45OS8J
282,Коточигов Семён Игоревич,26,9д,5,Коточигов_СИ,uQ3KDaGu
283,Калонин Альберт Денисович,297,8б,2,Калонин_АД,sX8PdoT7
284,Валягин Григорий Антонович,94,10в,4,Валягин_ГА,jP0eHH7m
285,Коцева Кристина Николаевна,412,9г,3,Коцева_КН,dK2aeGdZ
286,Голина Кристина Максимовна,3,7х,3,Голина_КМ,tQ6EDPfN
287,Батрамеев Анатолий Романович,354,9х,3,Батрамеев_АР,rJ0Om78d
288,Чикмарев Валентин Валериевич,306,9и,5,Чикмарев_ВВ,lN6iGt4V
289,Киницына Валерия Олеговна,202,7х,4,Киницына_ВО,iW5Vujbj
290,Числин Юрий Денисович,121,7в,2,Числин_ЮД,tX5AYZb0
291,Стебунова Юлия Романовна,358,9т,3,Стебунова_ЮР,cC0Y296M
292,Кацов Павел Павлович,236,10г,5,Кацов_ПП,eJ21JHwK
293,Гоцев Тарас Викторович,41,8в,3,Гоцев_ТВ,lW6U0LdK
294,Мотовицкий Роман Аркадиевич,31,11и,5,Мотовицкий_РА,vF0kUf8n
295,Чурзина Клара Егоровна,308,10б,3,Чурзина_КЕ,cO1cFz03
296,Щепалкина Валерия Сергеевна,134,9б,4,Щепалкина_ВС,mA3ayEzG
297,Утимишев Ярослав Игоревич,239,11а,3,Утимишев_ЯИ,qP6etKmq
298,Алуханов Кирилл Фёдорович,298,7т,2,Алуханов_КФ,rC7LGFJ2
299,Полунеев Валентин Валериевич,307,8и,2,Полунеев_ВВ,wL004nze
300,Крупенова Наталия Андреевна,209,7в,5,Крупенова_НА,sV57kF9Z
301,Корнюшин Илья Юрьевич,44,10т,3,Корнюшин_ИЮ,pV8NBBaB
302,Паушева Виолетта Никитична,310,8г,4,Паушева_ВН,cC8RtTXE
303,Берзин Герасим Антонович,349,11т,5,Берзин_ГА,tR49feo5
304,Шулунова Алла Алексеевна,54,7д,4,Шулунова_АА,xV0wG9ph
305,Трепашова София Яковлевна,399,11а,2,Трепашова_СЯ,kI7eztXc
306,Чумейкин Константин Антонович,8,8б,5,Чумейкин_КА,yF0rrB2m
307,Польшиков Денис Игоревич,495,9и,2,Польшиков_ДИ,oE6chgVd
308,Медоусова Жанна Романовна,252,7б,2,Медоусова_ЖР,uM07hH3l
309,Акуратова Клавдия Андреевна,92,9г,5,Акуратова_КА,aX4Qm727
310,Курмеева Елизавета Валерьевна,486,8а,5,Курмеева_ЕВ,oI0Izfi0
311,Бадов Александр Аркадиевич,217,10г,3,Бадов_АА,qN44Gtnk
312,Бакушин Эдуард Адамович,265,7б,5,Бакушин_ЭА,rW1frXg2
313,Чебина Инна Сергеевна,273,10т,2,Чебина_ИС,wR0eaVgR
314,Подледнова Наталья Ивановна,112,11и,3,Подледнова_НИ,dO2ArbK9
315,Садгеева Лиза Евгеньевна,460,11г,3,Садгеева_ЛЕ,xJ0kiJ6Q
316,Акушин Борис Павлович,493,9т,2,Акушин_БП,iY7TPl01
317,Аришев Руслан Кириллович,379,10т,3,Аришев_РК,xE0p1OUf
318,Гуслова Кристина Олеговна,389,9в,2,Гуслова_КО,jK11LZli
319,Глоточкина Оксана Аркадьевна,370,9и,5,Глоточкина_ОА,uN2Nm4YJ
320,Шапина Маргарита Романовна,163,8б,5,Шапина_МР,oM6cuD3K
321,Дурылин Георгий Валериевич,261,11т,4,Дурылин_ГВ,oL4xPWvT
322,Болкисева Анна Викторовна,248,7х,4,Болкисева_АВ,aB89Z2NM
323,Багапов Вячеслав Сергеевич,99,7д,4,Багапов_ВС,rF5HNX9R
324,Люцарева Яна Аркадьевна,376,11б,2,Люцарева_ЯА,bH8SE6e1
325,Боготынина София Егоровна,63,11б,5,Боготынина_СЕ,aI8nTxBx
326,Саюшкин Игорь Алексиевич,211,11х,5,Саюшкин_ИА,uB4jMRv9
327,Потешных Тамара Николаевна,468,11в,3,Потешных_ТН,uZ7pRsjv
328,Незлина Жанна Василевна,426,8б,5,Незлина_ЖВ,cQ5gFNLB
329,Федичева Вероника Кирилловна,37,7х,4,Федичева_ВК,qG0XreyK
330,Пустынкин Вадим Антонович,388,10в,5,Пустынкин_ВА,vT6c9SdG
331,Аринакова Ирина Михайловна,150,8в,5,Аринакова_ИМ,wT1Nd2dE
332,Обиралкова Мария Егоровна,294,11т,5,Обиралкова_МЕ,eR4CtCf4
333,Аристарова Валентина Максимовна,443,11г,2,Аристарова_ВМ,dK5qfGE8
334,Яуров Герасим Юрьевич,38,9а,5,Яуров_ГЮ,rI03OFYh
335,Духонькин Вячеслав Фёдорович,2,9в,4,Духонькин_ВФ,eQ67h8gx
336,Гвасков Евгений Михаилович,402,9в,5,Гвасков_ЕМ,jW5Bnhb1
337,Жабынина Галина Николаевна,185,7х,5,Жабынина_ГН,gK2SmhOj
338,Шерюкова Виолетта Романовна,440,9б,4,Шерюкова_ВР,zB5eYgQo
339,Колокатов Пётр Евгеньевич,484,10в,3,Колокатов_ПЕ,yU07alkD
340,Шайдуков Андрей Михаилович,317,9и,4,Шайдуков_АМ,gQ0cD6Vq
341,Смирнягина Дарья Игоревна,425,10в,4,Смирнягина_ДИ,eE7Kn9On
342,Штырева Ева Олеговна,258,11и,2,Штырева_ЕО,uO96ZIIc
343,Ашукин Вячеслав Михаилович,191,10т,4,Ашукин_ВМ,iQ1eWyXO
344,Рубченкова Галина Алексеевна,190,9в,3,Рубченкова_ГА,mP7LuNU0
345,Зархин Иван Алексиевич,478,11и,5,Зархин_ИА,iI05wpi6
346,Адиотов Дмитрий Павлович,156,7б,3,Адиотов_ДП,lN3KD5Fs
347,Тищенкова Раиса Валерьевна,79,7д,3,Тищенкова_РВ,gT9Z5Abz
348,Лозеев Илья Петрович,205,10д,2,Лозеев_ИП,xA7QoTO0
349,Кобяшов Герасим Михаилович,305,11т,2,Кобяшов_ГМ,vI1iLhCV
350,Ронова Клавдия Валерьевна,107,7и,4,Ронова_КВ,fS5jUDbR
351,Стрижнов Алексей Евгеньевич,385,11г,3,Стрижнов_АЕ,zW0hCQdz
352,Волынский Алексей Виталиевич,362,11т,5,Волынский_АВ,nD5XDFrf
353,Машонский Василий Данилович,23,9д,5,Машонский_ВД,aY3keWsQ
354,Буриева Зинаида Аркадьевна,104,11д,4,Буриева_ЗА,kH6IFNKI
355,Борщина Алёна Ивановна,377,11а,5,Борщина_АИ,xS1BcdO3
356,Белчков Олег Иванович,275,10а,4,Белчков_ОИ,wB3pthwZ
357,Остропиков Альберт Данилович,157,8г,2,Остропиков_АД,hJ3379Is
358,Оргонова Любовь Максимовна,264,7б,4,Оргонова_ЛМ,jV0mvtcY
359,Мальков Юрий Евгеньевич,228,7г,3,Мальков_ЮЕ,xO9D5jTL
360,Свльхова Наталья Вадимовна,160,9т,5,Свльхова_НВ,iE9ChEVi
361,Мякушков Герасим Леонидович,102,10т,3,Мякушков_ГЛ,uE5mZnSf
362,Межуев Георгий Юриевич,355,8г,4,Межуев_ГЮ,sU0lSboQ
363,Чериншев Александр Сергеевич,439,8а,2,Чериншев_АС,kR6Oech3
364,Муниров Алексей Андреевич,117,11г,3,Муниров_АА,wT8U3wfe
365,Климухин Руслан Романович,269,10в,3,Климухин_РР,oX88NNtH
366,Дембская Екатерина Никитична,64,11б,4,Дембская_ЕН,kK9AZUTh
367,Тюнеев Яков Фёдорович,417,10т,2,Тюнеев_ЯФ,yI9i8Ir8
368,Трушитин Антон Данилович,168,9х,3,Трушитин_АД,iC025UuL
369,Балакишиев Роман Алексиевич,143,11х,5,Балакишиев_РА,cH5P99cy
370,Немтюрева Валерия Аркадьевна,12,10г,4,Немтюрева_ВА,sV9dW85a
371,Складанова Клавдия Аркадьевна,257,9а,3,Складанова_КА,hF9lbKGw
372,Заходина Полина Леонидовна,93,10д,4,Заходина_ПЛ,yI42zVp5
373,Муринов Анатолий Борисович,171,11б,5,Муринов_АБ,qF65nkXn
374,Гришалова Любовь Евгеньевна,301,8т,3,Гришалова_ЛЕ,aV97DBYf
375,Ситчихин Станислав Георгиевич,247,8т,5,Ситчихин_СГ,zK2j552d
376,Просяных Георгий Василиевич,366,9в,2,Просяных_ГВ,mM4k4EWh
377,Дзабиев Григорий Георгиевич,259,11д,5,Дзабиев_ГГ,eN0j2V6j
378,Рыбаулин Григорий Алексеевич,140,11а,5,Рыбаулин_ГА,oZ3fTSQ8
379,Тупиева Екатерина Ивановна,400,7д,2,Тупиева_ЕИ,xT1Z105x
380,Куверчева Алена Ивановна,170,10д,3,Куверчева_АИ,kH8Bf531
381,Цаблинова Виктория Богдановна,342,9г,4,Цаблинова_ВБ,cY0rqDFc
382,Синенков Григорий Леонидович,230,9в,5,Синенков_ГЛ,oJ3vJWap
383,Лизункин Артур Олегович,4,11в,5,Лизункин_АО,pL7NtHJV
384,Славущева Александра Эдуардовна,81,8а,5,Славущева_АЭ,iX1FH9Bj
385,Шахвердов Дмитрий Антонович,132,11б,2,Шахвердов_ДА,aK9NOuFT
386,Рапацкая Ольга Ивановна,223,10г,3,Рапацкая_ОИ,vB25jULQ
387,Сторокожев Виталий Аркадиевич,159,9б,2,Сторокожев_ВА,rN2ZMV8c
388,Половодов Кирилл Николаевич,18,8т,5,Половодов_КН,oF2WIuTx
389,Халтанова Алена Дмитриевна,49,8б,3,Халтанова_АД,bU7LtKvo
390,Заложнев Роман Фёдорович,448,8в,4,Заложнев_РФ,vH1QGmJ7
391,Рыжих Кристина Аркадьевна,213,7а,4,Рыжих_КА,uU30QRj0
392,Буров Руслан Игоревич,405,11и,5,Буров_РИ,fS4oEuCT
393,Гачков Виталий Евгеньевич,277,9т,4,Гачков_ВЕ,tS5p29gO
394,Кадилов Геннадий Борисович,225,10в,3,Кадилов_ГБ,yU2tS2l2
395,Гликина Алёна Эдуардовна,454,9б,3,Гликина_АЭ,fF4c9cGL
396,Ичкинина Любовь Андреевна,299,8г,5,Ичкинина_ЛА,rP2GtybO
397,Мозшорина Кира Дмитриевна,65,8б,3,Мозшорина_КД,pT2cglx1
398,Брижеватов Константин Борисович,152,11т,2,Брижеватов_КБ,eD7Le4lJ
399,Бучеров Тарас Викторович,429,10д,4,Бучеров_ТВ,lR698bnP
400,Мисютина Валерия Эдуардовна,368,9г,2,Мисютина_ВЭ,nN1oP5u1
401,Льянов Федор Вадимович,328,8а,4,Льянов_ФВ,lU1al4iZ
402,Щуркин Георгий Яковлевич,180,8в,4,Щуркин_ГЯ,dD8kUZXL
403,Акулин Федор Адамович,241,10г,4,Акулин_ФА,vR1MEpLE
404,Волженкова Екатерина Ивановна,233,9д,4,Волженкова_ЕИ,bQ150d0e
405,Махометова София Викторовна,424,8и,3,Махометова_СВ,xY5Bn5mj
406,Зызлов Геннадий Антонович,274,7в,3,Зызлов_ГА,oN728V88
407,Девляшова Кира Олеговна,51,11д,5,Девляшова_КО,uE2uZbjM
408,Яковкина Алена Никитична,320,9т,5,Яковкина_АН,iE45rN3L
409,Бузулев Вадим Николаевич,331,10д,3,Бузулев_ВН,hG3W9m1W
410,Ганельский Юрий Юриевич,474,9д,3,Ганельский_ЮЮ,qL4gw9rS
411,Шкапрова Ева Ивановна,371,7б,5,Шкапрова_ЕИ,iB7QMlJ0
412,Чичирин Владимир Георгиевич,11,10а,4,Чичирин_ВГ,aH5GxiRg
413,Шилова Надежда Викторовна,124,9б,2,Шилова_НВ,pR630by7
414,Коваев Руслан Михаилович,487,9т,3,Коваев_РМ,yY73Dbwd
415,Саверина Надежда Андреевна,407,11б,4,Саверина_НА,nX8X6rQW
416,Тишанкин Олег Адамович,334,9д,3,Тишанкин_ОА,fI45ll9g
417,Широпаев Валерий Сергеевич,406,9б,2,Широпаев_ВС,wW8e4V3R
418,Щепанин Олег Адамович,226,7а,3,Щепанин_ОА,hI0Fv1fi
419,Оплетин Владислав Аркадиевич,361,10х,4,Оплетин_ВА,fC5EHOM1
420,Оденова Карина Андреевна,409,8и,4,Оденова_КА,tK0FGTm3
421,Семагин Альберт Андреевич,456,10х,4,Семагин_АА,jA3tnnzZ
422,Черданцева Анастасия Олеговна,128,8х,3,Черданцева_АО,kU9ee416
423,Лонцова Елизавета Эдуардовна,224,7х,3,Лонцова_ЕЭ,aR9lKAnh
424,Сарсекеева Алёна Никитична,462,11и,4,Сарсекеева_АН,qR99jsZS
425,Аковецкий Антон Евгеньевич,500,8б,4,Аковецкий_АЕ,jY45hPGN
426,Аратский Станислав Борисович,351,9и,2,Аратский_СБ,uM1mc1Uw
427,Чужриков Пётр Денисович,200,9в,3,Чужриков_ПД,gV5upZnX
428,Никитшин Алексей Кириллович,111,11и,3,Никитшин_АК,eA5xzdbK
429,Симендяев Василий Алексиевич,45,8д,4,Симендяев_ВА,cQ0rAp1h
430,Ошитков Максим Сергеевич,151,10г,4,Ошитков_МС,dS8szSW8
431,Юрасов Евгений Романович,338,9и,3,Юрасов_ЕР,zG3x2js5
432,Головяшин Павел Юриевич,179,7г,5,Головяшин_ПЮ,cC7KC5NT
433,Манжурина Екатерина Сергеевна,219,7т,3,Манжурина_ЕС,aG9jbtIp
434,Никурашин Олег Евгеньевич,291,11х,2,Никурашин_ОЕ,bI3NV2oW
435,Бехтерев Федор Вадимович,137,9х,3,Бехтерев_ФВ,qX7itHpt
436,Годлевская Катерина Дмитриевна,403,11г,3,Годлевская_КД,bM0z8jhi
437,Акиярова Алина Эдуардовна,9,11а,4,Акиярова_АЭ,nT1eZPqU
438,Милина Алена Петровна,359,8г,3,Милина_АП,aF1SMNi6
439,Воловин Борис Викторович,350,7т,2,Воловин_БВ,jF65pjCa
440,Туморина Ксения Федоровна,133,8б,5,Туморина_КФ,dJ5sG448
441,Желейков Вячеслав Яковлевич,199,8г,3,Желейков_ВЯ,dV7KqIjc
442,Шишорнина Екатерина Алексеевна,183,8т,3,Шишорнина_ЕА,wU7865Fh
443,Юумогулова Виолетта Игоревна,311,10х,3,Юумогулова_ВИ,jF4RxIkG
444,Рецков Денис Денисович,85,10д,2,Рецков_ДД,lI3eDy6W
445,Химунина Елизавета Ивановна,392,7д,2,Химунина_ЕИ,iT4uknYW
446,Кобрянов Александр Алексиевич,455,7т,2,Кобрянов_АА,rU823JNC
447,Бирылов Тарас Данилович,243,11а,3,Бирылов_ТД,pV9L5lZ2
448,Туфатулин Ярослав Леонидович,485,8х,4,Туфатулин_ЯЛ,eH4gAAug
449,Долбишев Николай Аркадиевич,292,10б,5,Долбишев_НА,eP3PWGnH
450,Махтумова Алёна Эдуардовна,186,10б,4,Махтумова_АЭ,vX89yE1t
451,Нарзаркин Алексей Романович,423,10т,2,Нарзаркин_АР,gN2AOmT5
452,Куранина Алена Леонидовна,196,9б,4,Куранина_АЛ,yF8Nr8c9
453,Ситюков Аркадий Евгеньевич,32,10в,3,Ситюков_АЕ,sF8YErF0
454,Мизюрова Алиса Никитична,176,7г,4,Мизюрова_АН,mN31E9jr
455,Пандурова Алиса Дмитриевна,130,9б,2,Пандурова_АД,pK0mFsyE
456,Жилейкин Борис Тимофеевич,91,7в,2,Жилейкин_БТ,gK6G6ucl
457,Корпункова Виолетта Сергеевна,83,11а,3,Корпункова_ВС,dT95lILn
458,Пашохонова Анастасия Федоровна,467,9в,4,Пашохонова_АФ,vI4bA8VQ
459,Сузальцева Тамара Михайловна,357,8х,4,Сузальцева_ТМ,aW4ERdty
460,Чиличкина Светлана Яковлевна,5,8в,5,Чиличкина_СЯ,dF7X60EA
461,Шантыкова Карина Максимовна,198,10д,3,Шантыкова_КМ,kF7TdlrS
462,Недосекин Владислав Яковлевич,457,10а,4,Недосекин_ВЯ,mP4e0ssO
463,Максимкин Федор Фёдорович,172,10г,2,Максимкин_ФФ,rS9bwKvn
464,Матбиюшина Виктория Игоревна,237,8д,2,Матбиюшина_ВИ,kH23odE5
465,Шишкунов Герасим Юрьевич,110,8т,4,Шишкунов_ГЮ,cU7CRMJ7
466,Сухинин Георгий Алексиевич,475,10х,4,Сухинин_ГА,zV5ZRUxA
467,Бисеева Полина Романовна,48,7д,5,Бисеева_ПР,eR3wNpQW
468,Жукулов Михаил Денисович,60,11г,3,Жукулов_МД,jO4PFpuB
469,Тоняев Герасим Петрович,378,9т,5,Тоняев_ГП,tH34CWxA
470,Шушенкова Алёна Олеговна,36,7и,2,Шушенкова_АО,qP555hoj
471,Разроев Дмитрий Павлович,59,9а,2,Разроев_ДП,mQ3Pdj8G
472,Баззаев Анатолий Данилович,339,9д,2,Баззаев_АД,pB63P2CB
473,Цекова Алла Олеговна,50,8д,2,Цекова_АО,jX17Kl9a
474,Аборонова Алиса Алексеевна,444,7г,5,Аборонова_АА,vV1j9h02
475,Ягловская Ева Олеговна,181,8в,4,Ягловская_ЕО,wY2XaqqQ
476,Шароварова Яна Романовна,175,8а,4,Шароварова_ЯР,aO2K3WVl
477,Общев Яков Викторович,466,8а,4,Общев_ЯВ,eC0ff93J
478,Ойзерская Катерина Эдуардовна,120,7х,2,Ойзерская_КЭ,pU1yKmRM
479,Прусский Ярослав Иванович,479,11б,2,Прусский_ЯИ,yW5Pva4d
480,Лабинов Павел Алексеевич,272,7б,5,Лабинов_ПА,cO2fITFs
481,Покровов Эдуард Павлович,312,8б,2,Покровов_ЭП,dM75t29X
482,Мачехин Эдуард Данилович,19,7д,3,Мачехин_ЭД,pZ3EWyMl
483,Кодорская Раиса Ивановна,27,11б,3,Кодорская_РИ,zM0bPz5C
484,Кондраева Марина Ивановна,469,9д,3,Кондраева_МИ,oS0TNRnK
485,Бульенков Валентин Иванович,136,10т,4,Бульенков_ВИ,mV937sR6
486,Тагакова Вероника Яковлевна,393,8т,4,Тагакова_ВЯ,uM5aHR6C
487,Гершанова Любовь Евгеньевна,383,11т,5,Гершанова_ЛЕ,gH4Hasbl
488,Салина Алена Егоровна,73,11в,5,Салина_АЕ,hB1pH31a
489,Фрумова Зинаида Аркадьевна,78,8а,4,Фрумова_ЗА,qM1jf3ww
490,Хорняков Борис Борисович,13,8г,2,Хорняков_ББ,xF9MUahu
491,Гдагазина Лиза Василевна,212,9т,5,Гдагазина_ЛВ,hG0McEqF
492,Агаршев Ярослав Михаилович,276,9т,2,Агаршев_ЯМ,pI0Bo14T
493,Корюшин Пётр Антонович,326,8х,2,Корюшин_ПА,aN3EWzrE
494,Калаев Пётр Алексиевич,68,8а,3,Калаев_ПА,aA0wGft3
495,Ккаталкина Виолетта Егоровна,53,7б,2,Ккаталкина_ВЕ,yG2yNoJ5
496,Рачнов Герасим Алексеевич,103,10а,5,Рачнов_ГА,eJ0QNrmi
497,Миндубаева Людмила Леонидовна,477,11и,2,Миндубаева_ЛЛ,sS9MoK2G
498,Агафьева Вера Ивановна,352,11х,3,Агафьева_ВИ,uJ7MMxea
499,Житин Эдуард Адамович,481,9а,5,Житин_ЭА,aE8sJVNC
